BORONAME	NAME
Brooklyn	Bensonhurst
Manhattan	East Village
Manhattan	West Village
The Bronx	Throggs Neck
The Bronx	Wakefield-Williamsbridge
Queens	Auburndale
Manhattan	Battery Park
Manhattan	Carnegie Hill
Staten Island	Mariners Harbor
Staten Island	Rossville
Manhattan	Harlem
Manhattan	Gramercy
Queens	Queens Village
Queens	Middle Village
Staten Island	Ettingville
The Bronx	Morris Park
The Bronx	Baychester
Staten Island	Great Kills
Staten Island	New Brighton
The Bronx	Fordham
Queens	Nkew Gardens
Manhattan	Soho
The Bronx	Spuyten Duyvil
Queens	Woodside
Brooklyn	Bay Ridge
The Bronx	Mott Haven
Queens	Rosedale
Brooklyn	Boerum Hill
Brooklyn	Cobble Hill
Manhattan	Morningside Heights
Manhattan	Murray Hill
Staten Island	Port Richmond
The Bronx	Williams Bridge
Brooklyn	Downtown
Staten Island	Woodrow
The Bronx	Union Port
Queens	Woodhaven-Richmond Hill
The Bronx	Soundview
Queens	Jamaica
Queens	Laurelton
Brooklyn	Sunset Park
Brooklyn	Borough Park
Brooklyn	East Brooklyn
Staten Island	Midland Beach
Queens	Jackson Heights
Queens	Maspeth
Brooklyn	Flatbush
Manhattan	Central Park
Staten Island	Charlestown-Richmond Valley
Queens	Glendale
The Bronx	Morris Heights
The Bronx	Kings Bridge
The Bronx	Country Club
Brooklyn	Park Slope
Manhattan	Greenwich Village
Manhattan	Midtown
Staten Island	Bloomfield-Chelsea-Travis
Staten Island	Richmondtown
Brooklyn	Williamsburg
Queens	Flushing
Brooklyn	Canarsie
Brooklyn	Greenwood
Staten Island	Annandale
The Bronx	City Island
Queens	Saintalbans
The Bronx	University Heights
Brooklyn	Gravesend-Sheepshead Bay
Manhattan	Tribeca
Manhattan	North Sutton Area
Queens	Queensboro Hill
Queens	Springfield Gardens
Brooklyn	Dyker Heights
Manhattan	Upper East Side
Manhattan	Financial District
Manhattan	Inwood
The Bronx	Bedford Park
Queens	Sunny Side
Manhattan	Lower East Side
Manhattan	Chelsea
Staten Island	Oakwood
Staten Island	South Beach
Staten Island	Tottensville
The Bronx	Hunts Point
Queens	Ridgewood
Queens	Forest Hills
Queens	Clearview
Brooklyn	Brownsville
Brooklyn	Bushwick
Manhattan	Washington Heights
Manhattan	Upper West Side
Queens	The Rockaways
Staten Island	Howland Hook
Staten Island	Ardon Heights
Brooklyn	Fort Green
Manhattan	Clinton
Staten Island	Prince's Bay
Staten Island	Fresh Kills
The Bronx	High Bridge
The Bronx	Eastchester
The Bronx	Riverdale
The Bronx	Woodlawn-Nordwood
Staten Island	Huguenot
Staten Island	Clifton
Queens	Howard Beach
The Bronx	Tremont
Queens	Utopia
Manhattan	Garment District
Manhattan	East Harlem
Staten Island	Todt Hill
The Bronx	Parkchester
The Bronx	South Bronx
Staten Island	Westerleigh-Castleton
Queens	College Point
Brooklyn	Mapleton-Flatlands
Manhattan	Little Italy
Brooklyn	Bedford-Stuyvesant
Manhattan	Hamilton Heights
Brooklyn	Carroll Gardens
Queens	Astoria-Long Island City
Manhattan	Yorkville
Manhattan	Chinatown
Queens	Bayside
Brooklyn	Coney Island
Queens	Corona
Brooklyn	Red Hook
Queens	Douglastown-Little Neck
Queens	Whitestone
Queens	Steinway
Staten Island	Rosebank
